序号,创建时间,工单编号,工单类型,问题分类,一级分类,二级分类,三级分类,标签,标题,主要内容,问题点位,工单状态,工单来源,来电人,来电人电话/账号,被反映区,被反映街乡镇,承办单位,处理结果,受理处理方式,市电话处理方式,来电时间,派单时间,处理时限,办结时间,坐席ID,坐席姓名,企业名称,重复反映告知单量,政务分类,回译内容
8673,2024-05-27 10:53:00,网络-240527-020587,诉求,教育->教职人员管理->师德师风,教育,教职人员管理,师德师风,"七有五性,公正性",五一小学颜立新校长不作为态度差问题#微信服务号#,五一小学，我死了一了百了，为什么懒政？为什么不作为？懒政渎职，俺半年都没收到你们电话，还骗什么给我电话了，骗了一年又一年，徇私枉法五一小学，我死了一了百了，为什么懒政？为什么不作为？懒政渎职，俺半年都没收到你们电话，还骗什么给我电话了，骗了一年又一年，徇私枉法，违反《中华人民共和国监察法》，你们这半年谁给我打电话了？谁妥善解决了？你们违反《中华人民共和国公职人员政务处分法》2024年了，诚信和善良的品质在哪？太骗人了，我的心冷的要死，就是我老太太的冤屈。 北京市市委监委你们好，五一小学颜立新校长这样对我们，这样玩忽职守懒政对得起你们身上佩戴的党徽吗？难受死了，我老太太真求求你们给你们磕头，求你们真的解决，不要糊弄，不要模板，我老太婆****求求你们，这就是五一小学校长颜立新朝我喊叫，骂我下三滥，骂我十恶不赦，骂我一直耍，你们这是干什么？让我给她们公司抗雷干什么？太欺负人了她们公司全是纠纷，让我们抗雷，还有没有天理，你们为什么懒政不作为？你们失职透顶，老天爷，这叫什么为人民服务？你们嘴大，我们老百姓嘴小，给你们磕头了，求求求求你们,五一小学，我死了一了百了，为什么懒政？为什么不作为？懒政渎职，俺半年都没收到你们电话，还骗什么给我电话了，骗了一年又一年，徇私枉法,审核通过（办理）回复并完成,微信服务号,孟女士,****,海淀区,海淀区永定路街道,海淀区分中心,您好，关于您反映问题的办理情况，教委回复如下:经我委核实了解，您反映的是颜老师2015年代表五一小学成立北京快乐帮悠有限公司，但是转交手续一直没有办理，颜老师与您电话沟通中对您态度不好的问题。我单位根据您主要反映的问题，已责成颜老师的律师曾多次与您联系，您未接听。关于您反映的问题，我委及时开展调查，经教委核实，快乐邦优（北京）科技发展有限公司不是学校所办企业，是私营企业性质。且颜老师与您电话沟通时，已表示您所反映的问题涉及是与颜老师个人间纠纷，建议涉事双方先进行沟通，如沟通无果建议及时以通过司法途径解决。教委设置了咨询电话68980166，同时海淀区设置了非紧急热线96181，如有相关的意见或建议，欢迎您随时来电沟通。感谢您的来电。感谢您对我们工作的理解与支持!,升级诉求,,2024/5/27 8:01,2024/5/27 10:54,7,2024/6/1 18:25,13426,金梦兰,,,非政务,北京市委监委，您好。五一小学的校长颜立新先生对我们如此无礼，如此不负责任，他的懒政行为是否能与他胸前佩戴的党徽相称？我感到非常痛苦，恳请您们能够原谅我，让我跪下来向你们求情。我们是无辜的，他们为什么要欺负我们？为什么他们没有作为，没有履行职责？他们失职透顶，这是什么为人民服务的表现？他们的嘴大，我们老百姓嘴小，我们请求您们，跪下来求您们，给我们一个公正的解决方案。
8825,2024-05-28 10:05:00,网络-240528-014472,诉求,住房->房改->福利分房,住房,房改,福利分房,,强烈要求和平街街道承担责任并解决福利分房问题#微信服务号#,"强烈要求和平街街道承担责任并解决问题政府领导您们好， 本人王慧英，自74年来到北京化工大学工作至退休，在学校勤勤恳恳干了36年，为学校付出了大半辈子。我是学校的正式职工，1987年就享受本校的福利分房。福利分房是符合当时按照国家和学校政策的，我也有资格享受福利分房的资格，也一直交着房钱。 之前分给我居住的平房，年久失修，漏雨严重，但学校一直未履行维修义务，现已经成为危房，也没有了配套设施。18年加固10号楼前期，学校解危办处长李雪梅与我多次沟通，并答应我在加固完第二栋楼后给我10号楼二层2居室一套。所以在加固10号楼时，安排我一家居住在9号楼西单元307。我也配合学校搬了家。 2023年4月20日，我实在不敢想象学校在未履行通知义务前提下，将我的家强搬了，东西都不知道拉哪去了，而且不顾我快70岁的高龄，找了一帮所谓的“保安”将我牢牢困住，限制我人身自由，期间，我第一时间拨打110报警电话，但和平街派出所迟迟不出警，后联系女儿，她又多次拨打110报警电话和110投诉电话，从9点32分起至11点半，期间一直未有派出所出警，最终导致我被禁锢“站立”近2小时，直接晕倒，被120拉去了医院。我闺女胳膊也被保安的盾割破了。出院后我第一时间找到和平街派出所负责人肖警官，据肖警官描述，强搬现场有执勤民警，是负责胜古南里9号楼片警张警官（警号：032107），但是，他迟迟不出警的理由是：派出所接到和平街街道通知，告知北京化工大学有街道出具的合法强搬手续，他们去现场只能维持秩序，而我被限制人身自由，他们管不了，只能让我老太太禁锢着别动。 从和平街街道邢英处了解到，和平街街道从未给北京化工大学出具任何合法的强搬手续，派出所所言不实。和平街街道城建部还反复强调胜古南里9号楼是北京化工大学的自管房。但是，化工大学是以和平街街道和朝阳区房管局出具的“解危告知函”为由强搬的我。故而，和平街街道一直强调不清楚，与事实严重不符。 诉求：根据“解危告知函”中提到的政府令229号规定，和平街街道在知道北京化工大学没有审批手续的情况下强搬我,应尽到提前通知我的义务，但是和平街街道不但没有通知和制止，反而联合和平街派出所一起配合化工大学强搬我。为此，我要求人身财产损失由和平街街道和北京化工大学共同承担。 附件是街道出具的函和反馈录音。",胜古南里9号楼,审核通过（办理）回复并完成,微信服务号,王慧英,****,朝阳区,朝阳区和平街街道,朝阳区分中心,"您好,关于您反映问题的办理情况,北京市朝阳区人民政府和平街街道办事处回复如下:街道经核实调查，街道未出示过审批手续，您反映的和平街街道和朝阳区房管局出具的“解危告知函”是要求产权单位解除房屋安全隐患的告知函，并不能理解为强搬手续。您可直接与产权单位沟通，或者通过法律途径解决。感谢您对我们工作的理解与支持!",升级诉求,,2024/5/27 17:49,2024/5/28 10:06,7,2024/6/2 9:22,17293,孙跃豪,,1,非政务,强烈要求和平街街道承担起责任并解决这些问题。您好，我是王慧英，自74年来到北京化工大学工作至今，在学校辛勤工作了36年，为学校奉献了一生。我是学校的正式职工，自1987年起就享受了本校的福利分房。福利分房是符合当时国家和学校政策的，我也符合享受福利分房的资格，一直按时缴纳房款。之前分给我的平房年久失修，漏雨严重，但学校一直未履行维修义务，现在已经成为危房，也没有了配套设施。18年加固10号楼前期，学校解危办处长李雪梅与我多次沟通，并答应在加固完第二栋楼后给我10号楼二层2居室一套。所以在加固10号楼时，安排我一家居住在9号楼西单元307。我也配合学校搬了家。 2023年4月20日，我实在无法想象学校在未履行通知义务的前提下，将我的家强行搬走，东西不知去向，而且不顾我快70岁的高龄，找了一群所谓的“保安”将我牢牢禁锢，限制我人身自由，期间，我第一时间拨打110报警电话，但和平街派出所迟迟不出警，后联系女儿，她又多次拨打110报警电话和110投诉电话，从9点32分起至11点半，期间一直未有派出所出警，最终导致我被禁锢“站立”近2小时，直接晕倒，被120拉去了医院。我闺女胳膊也被保安的盾割破了。出院后我第一时间找到和平街派出所负责人肖警官，据肖警官描述，强搬现场有执勤民警，是负责胜古南里9号楼片警张警官（警号：032107），但是，他迟迟不出警的理由是：派出所接到和平街街道通知，告知北京化工大学有街道出具的合法强搬手续，他们去现场只能维持秩序，而我被限制人身自由，他们管不了，只能让我老太太禁锢着别动。 从和平街街道邢英处了解到，和平街街道从未给北京化工大学出具任何合法的强搬手续，派出所所言不实。和平街街道城建部还反复强调胜古南里9号楼是北京化工大学的自管
13181,2024-08-29 08:49:00,热线-240829-006503,诉求,企业服务->市场管理->注销破产,企业服务,市场管理,注销破产,,e窗通注销时间倒计时未变动问题,自己在e窗通申请了企业注销，然后注销的时间是确定的时间，但是e窗通上显示的注销的倒计时还是45天一直没有变化，不清楚是不是系统原因，担心会对注销有影响。企业名称：北京外通电子技术有限公司 注册地：朝阳区  注：联系**** 来电反映e窗通注销时间倒计时未变动问题。,不详,审核通过（办理）回复并完成,12345,李振先生,66018067,朝阳区,,朝阳区分中心,2024年9月5日16:03分17161号处理，2024年8月30日 9:43   朝阳区市场监督管理局登记注册科工作人员王老师电话联系**** 企业来电人，就e窗通注销时间倒计时未变动问题进行答复，告知来电人一般注销公示公告为45天，因系统问题导致注销时间未变动，在联系企业时告知公示期届满日期并告知申请人公示期届满后20日内申请注销即可，如有问题可以拨打朝阳区市场监督管理局登记注册科咨询电话64668900转人工进行咨询，企业来电人对办理情况表示未解决不满意。,升级诉求,,2024/8/29 8:49,2024/8/29 11:15,7.0,2024/9/5 16:02,17072,刘峻臣,北京外通电子技术有限公司,,政务,"🐉
 🐉system
用户：自己在e窗通申请了企业注销，然后注销的时间是确定的时间，但是e窗通上显示的注销的倒计时还是45天一直没有变化，不清楚是不是系统原因，担心会对注销有影响。企业名称：北京外通电子技术有限公司 注册地：朝阳区"
9895,2024-06-03 17:04:00,热线-240603-055517,诉求,企业服务->建筑住房->建筑企业资质,企业服务,建筑住房,建筑企业资质,,首都之窗登录不进系统问题,企业属于事业单位，企业在首都之窗办理中央部队在京项目登记时，自己先在首都之窗登录之后，再点击“中央、部队在京建设项目登记备案通知书核发—新申请”里面的网上办理按钮，系统登录不进去，一直显示在加载中，公司名称：中央国家机关公务员住宅建设服务中心，注册地址：西城区太平桥大街4号，来电反映首都之窗登录不进系统问题。工单流转：市住建委核实：经核实，此件诉求为北京市投资项目在线监管平台企业端申报业务，非我委我部门职责，请转政务局相关部门答复。,不详,A3通过（退回）申请并完成,12345,陆先生,66120309,不详,,市政务服务和数据管理局,市政务和数据局6月5日两次电话联系市民，核实了市民在网站上的操作路径，告知市民目前网站登录跳转没有问题，市民上网操作后确认能够正常跳转，表示问题已解决，无需再办理。,升级诉求,,2024/6/3 17:04,2024/6/4 17:35,7,2024/6/5 15:45,17146,程雅婷,中央国家机关公务员住宅建设服务中心,,政务,"企事业单位属于非营利性质的机构，当企业在首都之窗申请中央部队在京项目登记时，首先需在首都之窗进行身份验证，随后点击“中央、部队在京建设项目登记备案通知书核发—新申请”进行在线办理。然而，用户反馈在首都之窗系统登录过程中遇到问题，具体表现为一直停留在加载状态。经核实，此件诉求涉及的是北京市投资项目在线监管平台企业端申报业务，而非本委本部门的职责范围。因此，建议将此件诉求转交给政务局相关部门进行答复。
 🥙assistant
以下是同义改写后的文本：
企事业单位属于非营利性质的机构，当企业在首都之窗申请中央部队在京项目登记时，首先需在首都之窗进行身份验证，随后点击“中央、部队在京建设项目登记备案通知书核发—新申请”进行在线办理。然而，用户反馈在首都之窗系统登录过程中遇到问题，具体表现为一直停留在加载状态。经核实，此件诉求涉及的是北京市投资项目在线监管平台企业端申报业务，而非本委本部门的职责范围。因此，建议将此件诉求转交给政务局相关部门进行答复。"
2479,2024-04-09 16:24:43,热线-240409-046817,诉求,企业服务->市场管理->变更,企业服务,市场管理,变更,,协调尽快给自己盖章同意变更地址,投诉平谷区滨河街道和建设西街社区，自己办理营业执照的地址变更，需要盖章，跑了下午5-6趟，让自己出具房屋鉴定证明，房屋建设的好好的，让自己出具房屋鉴定报告，变更地址很简单，不给自己盖章，街道和社区互相推，自己公司名称双宇格文化发展有限公司，原来的地址在北京市平谷区府前西街2号楼底商7号，文具店房租太贵，变更另外的地址到建设西街1号楼12号，来电反映协调尽快给自己盖章同意变更地址。,建设西街社区,审核通过（办理）回复并完成,12345,刘先生,15901094460,平谷区,平谷区滨河街道,平谷区分中心,平谷区滨河街道办事处2024年4月9日收到该工单后，第一时间责成建西社区对工单内容进行核实和处理。处理情况如下：1.核实情况。经核实，根据北京市市场监督管理局要求，全市办理营业执照相关业务必须取得《房屋安全鉴定报告》并鉴定合格，房主或经营法人有问题可以咨询区市场局登记科，咨询电话69962368。诉求人刘先生办理营业执照变更业务，变更的新房屋既没有《不动产权证书》也没有《房屋安全鉴定报告》，所以滨河街道办事处未能在住所使用说明内盖章证明，建西社区工作人员耐心向诉求人做解释工作，但诉求人表示不理解。2.联系情况。2024年4月11日15:20分，建西社区通过电话联系了诉求人，将上诉核实情况向其进行了解释和说明，并向其深表歉意。诉求人对处理结果表示不满意等。3.整改措施。一是加强宣传，通过线下及线上相结合方式，向居民宣传营业执照办理业务的相关流程及要求；二是建议加强部门协作沟通，增加为民服务办事效率；三是持续加强检查工作力度，及时发现问题、解决问题、化解矛盾。,升级诉求,,2024-04-09 16:24:43,2024-04-09 16:32:42,7.0,2024-04-14 10:22:23,7608,曹昕,,,政务,"----
----
----
----
----
----
----
----
----
----
----
----
----
----
----
----
----
----
----
----
----
----
----
----
----
----
----
----
----
----
----
----
----
----
----
----
----
----
----
----
----
----
----
----
----
----
----
----
----
----
----
----
----
----
----
----
----
----
----
----
----
----
----
----
----
----
----
----
----
----
----
----
----
----
----
----
----
----
----
----
----
----
----
----
----
----
----
----
----
----
----
----
----
----
----
----
----
----
----
----
----
----
----
----
----
----
----
----
----
----
----
----
----
----
----
----
----
----
----
----
----
----
----
----
----
----
----
----
----
----
----
----
----
----
----
----
----
----
----
----
----
----
----
----
----
----
----
----
----
----
----
----
----
----
----
----
----
----
----
----
----
----
----
----
----
----
----
----
----
----
----
----
----
----
----
----
----
----
----
----
----
----
----
----
----
----
----
----
----
----
----
----
----
----
----
----
----
----
----
----
----
----
----
----
----
----
----
----
----
----
----
----
----
----
----
----
----
----
----
----
----
----
----
----
----
----
----
----
----
----
----
----
----
----
----
----
----
----
----
----
----
----
----
----
----
----
----
----
----
----
----
----
----
----
----
----
----
----
----
----
----
----
----
----
----
----
----
----
----
----
----
----
----
----
----
----
----
----
----
----
----
----
----
----
----
----
----
----
----
----
----
----
----
----
----
----
----
----
----
----
----
----
----
----
----
----
----
----
----
----
----
----
----
----
----
----
----
----
----
----
----
----
----
----
----
----
----
----
----
----
----
----
----
----
----
----
----
----
----
----
----
----
----
----
----
----
----
----
----
----
----
----
----
----
----
----
----
----
----
----
----
----
----
----
----
----
----
----
----
----
----
----
----
----
----
----
----
----
----
----
----
----
----
----
----
----
----
----
----
----
----
----
----
----
----
----
----
----
----
----
----
----
----
----
----
----
----
----
----
----
----
----
----
----
----
----
----
----
----
----
----
----
----
----
----
----
----
----
----
----
----
----
----
----
----
----
----
----
----
----
----
----
----
----
----
----
----
----
----
----
----
----
----
----
----
----
----
----
----
----
----
----
----
----
----
----
----
----
----
----
----
----
----
----
----
----
----
----
----
----
----
----
----
----
----
----
----
----
----
----
----
----
----
----
----
----
----
----
----
----
----
----
----
----
----
----
----
----
----
----
----
----"
1371,2024-03-29 10:36:46,热线-240329-016690,诉求,住房->小区配套->停车位,住房,小区配套,停车位,,小区地库提供其他小区使用不合理等7个问题,居住在丰台区北宫镇璟博苑小区，小区地库本身不够使用还给其他小区使用，并且地库没有无障碍通道，每天八点半抽粪水车开始抽异味很大，小区电梯地库漏水，经常出现运行过程中坠落几层，楼道窗户有些可以开放，有些窗户是封死的，有些楼有太阳能，有些楼却没有，不清楚小区建设如何审批的，区建委存在不作为，来电反映小区地库提供其他小区使用不合理等7个问题。,璟博苑小区,审核通过（办理）回复并完成,12345,周女士,18618169070,丰台区,丰台区北宫镇,丰台区分中心,接到市民诉求后，北宫镇工作人员宗雷、市场所赵俊，赖莹于2024年4月3日分别与市民电话联系，核实理解情况。市民反映问题情况为小区地库提供其他小区使用等7个问题。       北宫镇工作人员宗雷、市场所赵俊，赖莹分别对市民诉求进行办理，接到来电人诉求后，及时跟建设单位了解情况。1、针对污水问题，因河西地区尚未接通大市政管线，暂时需对污水处理站进行抽水，如果处理不及时，会造成住户家中返水，该设施的设置是经过规划设计，已要求建设单位逐步优化抽水方案，各方积极推进污水外排；2、璟博苑小区整体（含地库），拥有规划审批，小区地下车库产权属于建设单位，并未移交给物业，也未收取停车管理费，由于小区办理装修、入住的业主较多，经政府协调暂时开放部分地库，供业主停放使用，物业为加强地库管理，避免非小区业主车辆进入地库，规范地库管理，业主车辆凭证进入地库，同时每天安排安保人员每天巡视，对长期停放不动的车进行电话提醒，建设单位正在制定地库停车出租（出售）方案，由于8号楼和4号楼西侧，部分车位未完工，施工需要动用大型设备，为保证业主人身和车辆安全，暂时停用部分车位，待施工完成后，会开放所有车位，3、地库漏水，去年北京遭遇极端天气，造成地库漏水，建设单位组织维修，采取高压注浆等方式处理，已要求建设单位全面排查，彻底解决该问题；4、针对电梯渗水问题，去年暴雨及消火栓爆裂，造成电梯底坑积水，物业组织进行清理，维修人员立即抢修，电梯陆续恢复使用，电梯运行正常；5、在《建筑防烟排烟系统技术标准》中有明文规定设置机械加压送风系统的楼梯间应设置封闭的固定窗，璟博苑小区部分楼梯间设置固定窗，是符合消防安全的，一旦出现火灾，可以在楼梯间形成微正压，防止烟雾进入楼道；6、针对电梯问题，璟博苑小区全部电梯具有产品合格证和检测报告，电梯厂家定期进行维保，工作人员现场驻站，发现问题及时处理，已要求维保单位加强巡视和维护，相关部门做好监管工作；7、经核实，璟博苑小区太阳能每栋楼单元70%业主使用，设备才能达到开启条件，这是根据厂家使用说明要求，该小区太阳能采用集热式，房顶太阳能设备是为楼栋单元设计的，如果达不到要求，会造成系统高温高压，对设备造成损坏，太阳能可以正常使用，符合北京市节能法律法规。       已于4月3日向来电市民反馈办理结果。感谢市民的支持与理解，我们将继续做好各项工作。,升级诉求,,2024-03-29 10:36:46,2024-03-29 10:49:21,7.0,2024-04-04 19:08:56,17788,侯丽娜,,,非政务,"ersetting
居住在丰台区北宫镇璟博苑小区的居民，发现小区地库不足，且未设置无障碍通道，导致每天八点半时抽粪水车工作时产生的异味较为严重。此外，小区电梯地库还存在漏水问题，有时运行过程中会坠落几层楼。楼道窗户的开放情况不一，有的可以开放，有的则被封死，而有的楼拥有太阳能设施，而有的则没有。居民们对小区的建设审批情况不清楚，并对区建委的工作表示不满，他们反映小区地库提供给其他小区使用不合理等问题共7个。
ersetting"
12675,2024-08-25 16:35:00,热线-240825-034068,诉求,住房->房屋修缮->房屋滴漏,住房,房屋修缮,房屋滴漏,"七有五性,宜居性",要求解决小区内地下仓库漏水的问题-降雨,****1单元601，市民表示是去年三月份交的房子，市民表示小区内地下室的仓库漏水，物业维修不及时，市民表示一到下雨就漏水，导致无法进行存放物品，市民对此不认可，来电要求解决小区内地下仓库漏水的问题。工单流转：通州区分中心退回，马驹桥镇：经通州区马驹桥镇核实，市民反映的要求解决小区内地下仓库漏水的问题，经核实，并且亦庄橡树湾（又称美庐家园）是由亦庄经济开发区审批的工程项目均由亦庄开发区负责（附截图），所以市民反映的地下车库漏雨的问题也应由亦庄开发区负责，且该小区配套设施还在亦庄经开区保修期范围内。后经与亦庄开发区建设局沟通同意接单，67881349，（附沟通截图），综上所述，市民反映的要求解决小区内地下仓库漏水的问题，烦请市中心转派至亦庄开发区协调处理。，建议转派单位：亦庄开发区，建议转派单位联系人：67881349， 建议转派单位：亦庄开发区。,橡树湾小区南区15号楼1单元601,审核通过（办理）回复并完成,12315,邹女士,****,通州区,通州区马驹桥镇,经济技术开发区分中心,市中心，北京经济技术开发区开发建设局回复如下：经开区开发建设局于2024年8月27日09时26分联系市民，针对市民反映的问题，开发建设局积极响应，反馈情况如下：开发建设局在收到市民反映的情况后，与开发企业进行核实，针对市民反映的仓库渗漏问题，开发企业表示已安排人员进行维修，并将关注后续维修完成情况；我局要求开发企业切实履行质量主体责任，依照《民法典》相关规定履行合同约定的保修义务，畅通沟通渠道，积极回应市民诉求。市民反映的赔偿或补偿问题属于民事纠纷问题，需市民依据购房合同中的相关条款与开发商协商解决，若协商不成市民可通过司法途径维护自身合法权益。,升级诉求,,2024/8/25 16:35,2024/8/26 12:40,7.0,2024/9/2 10:40,13358,杨轩,,,非政务,****1单元601，市民反映去年三月份购买的房产，市民表示小区内地下室仓库漏水，物业维修不及时，市民表示下雨时漏水，导致无法存放物品，市民对此不认可，来电要求解决小区内地下仓库漏水的问题。工单流转：通州区分中心退回，马驹桥镇：经通州区马驹桥镇核实，市民反映的要求解决小区内地下仓库漏水的问题，经核实，并且亦庄橡树湾（又称美庐家园）是由亦庄经济开发区审批的工程项目均由亦庄开发区负责（附截图），所以市民反映的地下车库漏雨的问题也应由亦庄开发区负责，且该小区配套设施还在亦庄经开区保修期范围内。后经与亦庄开发区建设局沟通同意接单，67881349，（附沟通截图），综上所述，市民反映的要求解决小区内地下仓库漏水的问题，烦请市中心转派至亦庄开发区协调处理。，建议转派单位：亦庄开发区，建议转派单位联系人：67881349， 建议转派单位：亦庄开发区。
7026,2024-05-15 15:56:00,网络-240515-043785,诉求,住房->小区配套->电动汽车充电设施安装与管理,住房,小区配套,电动汽车充电设施安装与管理,,开发商违规建设通州住建委未按标准审批导致小区地库不能安装充电桩#微信服务号#, 开发商违规建设，通州住建委未按标准审批，导致小区地库不能安装充电桩请把此单派到通州区政府办公室，不要派单到通运街道!!!【背景】通州区武夷融御二期作为2020年12月拿到建筑规划许可证、2023年交付的新小区，地下车库却被通州区消防支队下发消防整改通知，导致小区82%的车位无法安装充电桩。开发商北京武夷房地产开发有限公司未按照《电动汽车分散充电设施工程技术标准》(GB/T51312-2018)的相关要求进行规划设计通州区规自委未按标准进行规划审批，通州区住建委未按标准进行交付验收。2024年3月，通州区消防救援支队对小区地下车库下发“责令限期整改通知书”，指出此车库不符合前文所列规范的6.1.5条消防规定，自此小区82%的车位均无法安装充电桩。 通州区规自委违规审批、开发商违规建设、通州区住建委违规验收，此一系列违规行为严重侵犯了业主们的合法权益，影响业主们的生活质量，严重影响通州区作为城市副中心、绿色发展示范区的形象，与国家大力推广新能源的战略方针背道而驰。【现状】小区大量业主3月起通过12345等各种途径向相关责任部门反映问题，至今未有解决方案。目前通运街道曾在各种回复渠道(电话沟通、12345回访、政府留言板回复等)中向业主表示，《电动汽车分散充电设施工程技术标准》(GB/T51312-2018)对于100%预留充电设施的要求仅包括电力相关，不包括消防条件，从而得出开发商并不是违规建设的结论，但是业主们在此规范中明确查阅到100%预留充电设施需要包括消防条件的条款，详见附件。【诉求】根据2023年6月国务院办公厅印发的《关于进一步构建高质量充电基础设施体系的指导意见》第六章第四条的要求，请求北京市发改委、通州区发改委、通州区政府办公室协调相关部门制定整改方案，责令相关部门及开发商限期整改，以满足小区业主们合情合法合规合理的固定车位可100%安装充电的要求。相关详细情况请见附件。,融御二期,审核通过（办理）回复并完成,微信服务号,张策,****,通州区,通州区通运街道,通州区分中心,通运街道：2024年5月15日16：50分响应并开始办理。苑璟嘉园工作人员联系诉求人，诉求人表示小区地库不能安装充电桩。经过与区消防支队、住建委、规自委、开发商等部门进行专题吹哨会、议事协商会，得出本小区地下车位分为充电区域和普通车位区域，区消防部门表示审核通过的规划中图纸上的286个充电区域的专用车位符合电动汽车充电桩安装的消防标准，但图纸上的非充电车位，根据住房城乡建设部发布的国家标准《电动汽车分散充电设施工程技术标准》（GB/T51312-2018）不满足安装汽车充电设施的消防条件。开发根据《电动汽车基础充电设施规划设计标准》要求，地下车库B2按照18%的配建充电车位，并完成相关消防配套设施，其余非充电车位按100%预留建设安装条件配备，即（低压柜、配电箱等的安装空间、干线电缆及配电支路的敷设等条件预留）。经区消防部门现场勘查，非充电车位如安装充电桩需达到消防要求，故在目前现有条件下，非充电车位无法安装充电桩，对非充电车位已安装的充电桩进行整改。筹备组将处理情况于2024年5月20日10：20分告知诉求人，诉求人表示已知悉。录音1分50秒诉求人表示不需要社区回复。,升级诉求,,2024/5/15 15:05,2024/5/15 15:58,7.0,2024/5/20 17:43,15996,张若男,,,非政务,某个小区因为开发商违规建设和通州区住建委未按标准审批，导致地库不能安装充电桩，开发商未按照《电动汽车分散充电设施工程技术标准》(GB/T51312-2018)的相关要求进行规划设计，通州区规自委未按标准进行规划审批，通州区住建委未按标准进行交付验收。通州区消防救援支队对小区地下车库下发“责令限期整改通知书”，指出此车库不符合前文所列规范的6.1.5条消防规定，小区82%的车位均无法安装充电桩。开发商北京武夷房地产开发有限公司未按照《电动汽车分散充电设施工程技术标准》(GB/T51312-2018)的相关要求进行规划设计通州区规自委违规审批、开发商违规建设、通州区住建委违规验收，此一系列违规行为严重侵犯了业主们的合法权益，影响业主们的生活质量，严重影响通州区作为城市副中心、绿色发展示范区的形象，与国家大力推广新能源的战略方针背道而驰。小区大量业主3月起通过12345等各种途径向相关责任部门反映问题，至今未有解决方案。目前通运街道曾在各种回复渠道(电话沟通、12345回访、政府留言板回复等)中向业主表示，《电动汽车分散充电设施工程技术标准》(GB/T51312-2018)对于100%预留充电设施的要求仅包括电力相关，不包括消防条件，从而得出开发商并不是违规建设的结论，但是业主们在此规范中明确查阅到100%预留充电设施需要包括消防条件的条款，详见附件。根据2023年6月国务院办公厅印发的《关于进一步构建高质量充电基础设施体系的指导意见》第六章第四条的要求，请求北京市发改委、通州区发改委、通州区政府办公室协调相关部门制定整改方案，责令相关部门及开发商限期整改，以满足小区业主们合情合法合规合理的固定车位可100%安装充电的要求。相关详细情况请见附件。
3890,2024-04-23 07:01:00,热线-240423-002693,诉求,住房->住房保障->公租房,住房,住房保障,公租房,"七有五性,住有所居",希望解决档案丢失及强拆房屋安置和协调丰台区房管局免房租问题,自己住在丰台区，自己每个月就有300元可支配资金，自己现在住的是廉租房，是符合免房租的情况，但是现在对方以自己没有交房租为由，不予自己续签合同，要把自己赶走，自己感觉不合理，而且自己原来在丰台区七里庄甲18号丰裕服装厂工作，上级单位是丰台区民政局，不是国企，自己公司解体了，自己应该是2017年办理退休，但是现在公司这边将自己的档案丢失了，现在无法进行退休，工龄也没有办法认定，退休待遇也没有，希望帮助处理，市民叫做张丽君，身份证号：****，入职材料和档案自己接触不到，所以这些情况必须是由相关部门承担，并且是全责，人保局相关材料规定必须要原始材料，但是不能因为不让否定自己在丰裕服装厂工作事实，表示息诉罢访协议是圈套，自己去信访局也不给自己转办，市民表示要求丰台区民政局补缴2009年，和退休待遇，视同缴费认定和工龄认定要在档案和社保里提现，对市民精神损失费，误工费，交通费，等值相关费用的赔偿；自己原来住在丰台区老庄子乡（现在已经取消）齐庄村129号和张庄子15号，1996年6月6日宛平房地产对此地进行了强拆，整个补偿只有强拆后的9144.08元。而且回迁购房款还需要交纳22300多元。至今拆除后并未进行过任何拆迁公示、评估、签订拆迁合同等合法程序，至今也没有兑现回迁房，也没有通过国务院的审批，迟迟没有解决，市民表示10多年一直没解决，市民要求相关部门依据事实解决落实，市民要求市委市政府解决（已解释），要求在30日之前解决，来电反映希望解决档案丢失及强拆房屋安置和协调丰台区房管局免房租问题。注：136秒扬言称“他都不给我这样做，你们是让我今天还是明天搬到市政府，搬到长安街和天安门去”注：市民拒绝提供所在位置。,不详,审核通过（办理）回复并完成,12345,张丽君女士,****,不详,,110指挥中心,"2024-04-23 07:32:45,已指派:中山公园,文化宫,故宫,治安大队,机动大队,巡警二大队,巡警三大队,巡警四大队,巡警一大队",升级诉求,电话联系,2024/4/23 7:01,2024/4/23 7:28,7.0,2024/4/23 17:06,11589,李垚,,,非政务,自己在丰台区生活，每月有300元可支配资金，现在住在廉租房，符合免房租条件，但对方以未交房租为由，不续签合同，将自己赶走，感觉不合理，原来在丰台区七里庄甲18号丰裕服装厂工作，上级单位是丰台区民政局，不是国企，2017年办理退休，但档案丢失，无法退休，工龄无法认定，退休待遇无保障。市民张丽君，身份证号****，入职材料和档案无法接触，要求民政局补缴2009年和退休待遇，视同缴费认定和工龄认定需在档案和社保中体现，要求精神损失费、误工费、交通费等赔偿。自己原住丰台区老庄子乡（现已撤销）齐庄村129号和张庄子15号，1996年6月6日被宛平房地产强拆，补偿9144.08元，回迁购房款需22300多元，至今未解决，要求相关部门依据事实解决，要求市政府协调丰台区房管局免房租问题。注：136秒扬言称“他都不给我这样做，你们让我今天还是明天搬至市政府，至长安街和天安门”注：市民拒绝提供所在位置。
7730,2024-05-20 16:46:00,热线-240520-051939,诉求,住房->小区配套->无障碍设施,住房,小区配套,无障碍设施,"七有五性,弱有所扶",小区没有无障碍通道问题,昌平区北七家镇卓兴路4号院18地块翡翠公园缺少无障碍通道，市民认为不合理，此次来电市民表示要求昌平住建委将竣工验收关于无障碍通道的文件政务公开，要求昌平区住建委回复（已解释），市民住建委给自己回复了，是北七家镇政府的职责，市民称要求北七家镇回电，要求工作人员通过座机给自己电，如果北七家镇政府不作为，自己将采取法律手段，来电反映小区没有无障碍通道问题。,卓兴路4号院18地块翡翠公园,审核通过（办理）回复并完成,12345,蒋先生,****,昌平区,昌平区北七家镇,昌平区分中心,****安装好可供居民现场体验。有需求居民也可向开发商下设的楼长管家申请安装无障碍升降平台，并需要本单元三分之二业主同意安装，再由楼长进行逐级审批，审批后进行安装，解决特殊人群出行问题，在此期间开发商为不方便出行居民准备爬楼机，有需求居民可以联系翡翠物业进行使用。工作人员协调翡翠物业工作人员为出行不便的居民服务。21日11时00分经有效的电话沟通，将处理过程与处理措施反馈给来电人。,升级诉求,,2024/5/20 16:46,2024/5/21 9:01,7,2024/5/27 14:47,15017,张月铜,,,非政务,"ification
昌平区北七家镇卓兴路4号院18地块翡翠公园缺少无障碍通道，市民认为不合理，此次来电市民表示要求昌平住建委将竣工验收关于无障碍通道的文件政务公开，要求昌平区住建委回复（已解释），市民住建委给自己回复了，是北七家镇政府的职责，市民称要求北七家镇回电，要求工作人员通过座机给自己电，如果北七家镇政府不作为，自己将采取法律手段，来电反映小区没有无障碍通道问题。
ification
昌平区北七家镇卓兴路4号院18地块翡翠公园缺少无障碍通道，市民认为不合理，此次来电市民表示要求昌平住建委将竣工验收关于无障碍通道的文件政务公开，要求昌平区住建委回复（已解释），市民住建委给自己回复了，是北七家镇政府的职责，市民称要求北七家镇回电，要求工作人员通过座机给自己电，如果北七家镇政府不作为，自己将采取法律手段，来电反映小区没有无障碍通道问题。
ification
昌平区北七家镇卓兴路4号院18地块翡翠公园缺少无障碍通道，市民认为不合理，此次来电市民表示要求昌平住建委将竣工验收关于无障碍通道的文件政务公开，要求昌平区住建委回复（已解释），市民住建委给自己回复了，是北七家镇政府的职责，市民称要求北七家镇回电，要求工作人员通过座机给自己电，如果北七家镇政府不作为，自己将采取法律手段，来电反映小区没有无障碍通道问题。
ification"
